{
	"DeviantArt": {
		"tokenUrl": "https://www.deviantart.com/oauth2/token",
		"clientId": "9647",
		"clientSecret": "973ec3441a2a6ea308ae95ab86269251",
		"authorizationFormUrl": "https://www.deviantart.com/oauth2/authorize",
		"scopes": [
			"browse","collection", "comment.post"]
	},
	"Dailymotion": {
		"tokenUrl": "https://api.dailymotion.com/oauth/token",
		"clientId": "2858767daf9244f3b325",
		"clientSecret": "02558ab3645cd8dc6b98e27492dbb2deb20fb3a4",
		"authorizationFormUrl": "https://www.dailymotion.com/oauth/authorize",
		"scopes": [
			"userinfo",
			"manage_likes",
			"manage_comments",
			"manage_videos"]
	},
	
	"Youtube": { 
        "tokenUrl": "https://accounts.google.com/o/oauth2/token",
        "clientId": "336325352847-6ea24g7c00jho8aof8u3lk06n0bbak52.apps.googleusercontent.com",
        "clientSecret": "jRAhUTOA8Tg5Fw1X24gby0gR",
        "authorizationFormUrl": "https://accounts.google.com/o/oauth2/auth",
        "scopes": ["https://www.googleapis.com/auth/youtube", "https://www.googleapis.com/auth/youtube.upload", "https://www.googleapis.com/auth/youtube.force-ssl"]
    }
}		