<?xml version="1.0" encoding="utf-8"?>
<appengine-web-app xmlns="http://appengine.google.com/ns/1.0">
    <application>project-dapp</application>
    <version>1</version>
    <threadsafe>true</threadsafe>
    <runtime>java8</runtime>
    <sessions-enabled>true</sessions-enabled>
    <url-stream-handler>urlfetch</url-stream-handler> 
    <system-properties>
        <property name="java.util.logging.config.file" value="WEB-INF/logging.properties"/>
    </system-properties>
</appengine-web-app>